Name,Set code,Set name,Collector number,Foil,Rarity,Quantity,ManaBox ID,Scryfall ID,Purchase price,Misprint,Altered,Condition,Language,Purchase price currency,Added
Aettir and Priwen,FIN,Final Fantasy,253,normal,mythic,1,106497,038710ca-c756-4e66-a9de-278e676c9f5b,2.02,false,false,near_mint,en,EUR,2025-06-18T14:09:45.764Z
Angelic Destiny,FDN,Foundations,565,normal,mythic,1,100119,066d73fa-369b-44a3-b1a9-d22176ac3566,1.56,false,false,near_mint,es,EUR,2025-04-20T23:27:12.695Z
"Aragorn and Arwen, Wed",LTR,The Lord of the Rings: Tales of Middle-earth,287,foil,mythic,1,83546,d7d4c97a-9319-4534-9a49-da000f41a02d,4.14,false,false,near_mint,es,EUR,2025-04-20T23:27:12.695Z
"Arthur, Marigold Knight",BLC,Bloomburrow Commander,5,foil,mythic,1,96398,9b3603aa-58a2-41d4-a58f-2b3306876e35,0.34,false,false,near_mint,en,EUR,2025-11-06T20:40:57.429Z
Ashcoat of the Shadow Swarm,PZA,Teenage Mutant Ninja Turtles Source Material,6,normal,mythic,1,111260,6873a1d1-b1bc-4ed6-a734-0e35fd8dbc8e,13.76,false,false,near_mint,en,EUR,2026-03-06T23:49:55.833Z
"Aurelia, the Warleader",FDN,Foundations,651,normal,mythic,1,101070,bc6ffc1c-575b-4116-83c9-d13b29886c35,6.54,false,false,near_mint,es,EUR,2025-04-20T23:27:12.695Z
"Bria, Riptide Rogue",BLB,Bloomburrow,379,foil,mythic,1,91701,390c96b3-68da-4a42-89ab-d9ccc79ce0dd,10.03,false,false,near_mint,es,EUR,2025-04-20T23:27:12.695Z
Broadcast Takeover,TMT,Teenage Mutant Ninja Turtles,86,normal,mythic,1,110956,e640e930-0907-40f2-9015-88f8c1e8ee5c,1.6,false,false,near_mint,en,EUR,2026-03-06T23:49:55.834Z
"Byrke, Long Ear of the Law",BLB,Bloomburrow,380,foil,mythic,1,91703,6441abd3-320b-424a-9753-61e3581fe1a9,2.01,false,false,near_mint,es,EUR,2025-04-20T23:27:12.695Z
Catharsis,ECL,Lorwyn Eclipsed,209,normal,mythic,1,110818,affb4500-2704-49fc-bbb4-02ed4bfb3b76,0.02,false,false,near_mint,en,EUR,2026-01-25T20:47:46.703Z
"Chandra, Spark Hunter",DFT,Aetherdrift,116,normal,mythic,1,102916,11f9b98e-48a1-491e-bdab-6e94e4ec747a,4.42,false,false,near_mint,en,EUR,2025-04-20T23:27:12.695Z
Coalstoke Gearhulk,PDFT,Aetherdrift Promos,198s,foil,mythic,1,103816,000bd10e-0237-4e58-b260-313452c6c6f4,4.88,false,false,near_mint,en,EUR,2025-04-20T23:27:12.695Z
Combat Celebrant,BLC,Bloomburrow Commander,194,normal,mythic,1,96261,3e611db6-0819-487c-bc05-17c92d79c75b,0.56,false,false,near_mint,en,EUR,2025-11-06T20:40:57.429Z
Darksteel Colossus,FDN,Foundations,671,normal,mythic,1,100660,70197723-c61b-4600-b61d-41380c8f3067,3.0,false,false,near_mint,es,EUR,2025-04-20T23:27:12.695Z
Demonic Pact,ORI,Magic Origins,92,normal,mythic,1,10850,82c04014-91f9-4197-b4b4-f62c4739a5c2,2.23,false,false,near_mint,es,EUR,2025-04-20T23:27:12.695Z
Dragonmaster Outcast,C19,Commander 2019,139,normal,mythic,1,45795,c1479b6e-b1a2-4089-8ab5-56a6864dbbc0,0.73,false,false,near_mint,es,EUR,2025-04-20T23:27:12.695Z
Drown in the Loch,SPG,Special Guests,27,normal,mythic,1,90027,03c8654e-900a-4720-a4a1-1107d6271c70,6.41,false,false,near_mint,en,EUR,2025-04-20T23:27:12.695Z
Elemental Bond,TLE,Avatar: The Last Airbender Eternal,40,normal,mythic,1,109809,da25ea1d-2fa6-42ca-bd06-a2edeb300eb5,2.25,false,false,near_mint,en,EUR,2025-11-26T15:34:18.488Z
"Elspeth, Sun's Champion",BLC,Bloomburrow Commander,97,normal,mythic,1,96333,6f816d97-10f0-4d92-aa21-254754530554,2.02,false,false,near_mint,en,EUR,2025-11-06T20:40:57.429Z
Exalted Sunborn,EOE,Edge of Eternities,15,foil,mythic,1,107070,7e1fe101-f634-41e5-9aa4-e8d7474535dc,20.16,false,false,near_mint,en,EUR,2025-08-01T19:16:32.510Z
Finale of Revelation,MKC,Murders at Karlov Manor Commander,106,normal,mythic,1,90298,2b090b79-befd-4b18-ae9f-03a2bf516aef,0.4,false,false,near_mint,es,EUR,2025-04-20T23:27:12.695Z
Force of Will,SOA,Secrets of Strixhaven Mystical Archive,19,normal,mythic,1,111805,7a87f8bc-1b3e-4cb2-9343-5f008e942411,50.94,false,false,near_mint,en,EUR,2026-07-20T10:08:18.020Z
Frost Titan,M11,Magic 2011,55,normal,mythic,1,21334,065addc8-c235-43cc-a54f-b582826e5df1,0.59,false,false,near_mint,en,EUR,2025-04-20T23:27:12.695Z
God-Eternal Bontu,EOC,Edge of Eternities Commander,83,normal,mythic,1,106958,142b0860-8a82-4830-a4ff-2bbfc102437e,0.35,false,false,near_mint,en,EUR,2025-08-06T14:50:32.528Z
"Gwenom, Remorseless",SPM,Marvel's Spider-Man,56,normal,mythic,1,108046,46b6cc5d-7a37-4e8b-a1a5-9a573056610c,5.27,false,false,near_mint,en,EUR,2025-09-30T23:51:40.191Z
"Hearthhull, the Worldseed",EOC,Edge of Eternities Commander,1,normal,mythic,1,107054,6b913e79-a9f6-44d4-bb37-c4f6f66b8151,0.93,false,false,near_mint,en,EUR,2025-08-06T14:50:32.528Z
Huntmaster of the Fells // Ravager of the Fells,SLD,Secret Lair Drop,700,normal,mythic,1,73390,b3e861d2-d0a6-4a00-a4e1-4e10f038309a,1.7,false,false,near_mint,en,EUR,2025-08-01T19:16:32.510Z
In the Trenches,BRO,The Brothers' War,8,normal,mythic,1,75543,71ff86e9-1ce6-43cc-8135-f2adb1b6c5a7,0.5,false,false,near_mint,es,EUR,2025-04-20T23:27:12.695Z
Inferno Titan,BLC,Bloomburrow Commander,198,normal,mythic,1,96302,5b99f2f2-7000-401a-9201-b604238baf7a,0.21,false,false,near_mint,en,EUR,2025-11-06T20:40:57.429Z
Jeska's Will,SOA,Secrets of Strixhaven Mystical Archive,44,foil,mythic,1,112661,aa1e5db0-4cd8-4d42-bde1-3e3d0041339f,45.44,false,false,near_mint,es,EUR,2026-04-19T19:45:43.828Z
"Kaito, Cunning Infiltrator",FDN,Foundations,44,normal,mythic,1,100560,5dabdea9-2015-49b9-853d-4f7e1262eab3,3.66,false,false,near_mint,en,EUR,2025-04-20T23:27:12.695Z
"Kellan, the Kid",OTJ,Outlaws of Thunder Junction,213,normal,mythic,1,93031,04dfbc4c-ab21-45db-bbd9-b9d245d60015,0.81,false,false,near_mint,en,EUR,2025-10-27T10:57:33.331Z
"Korvold, Fae-Cursed King",EOC,Edge of Eternities Commander,120,normal,mythic,1,107032,607c1793-8e5a-4ebf-87c6-7f9c99bbd29a,4.6,false,false,near_mint,en,EUR,2025-08-06T14:50:32.528Z
"Lita, Mechanical Engineer",TLE,Avatar: The Last Airbender Eternal,4,normal,mythic,1,109824,e9211079-9499-4443-8cb9-4c2bb2849994,2.85,false,false,near_mint,en,EUR,2025-11-26T15:34:18.488Z
Luminous Broodmoth,BLC,Bloomburrow Commander,144,normal,mythic,1,96460,c5a4b212-bc60-4a58-b5f6-4012a3158785,0.94,false,false,near_mint,en,EUR,2025-11-06T20:40:57.429Z
Lyra Dawnbringer,J22,Jumpstart 2022,210,normal,mythic,1,76391,6a395674-3b3e-43bf-8384-2ffc63fe84dd,4.43,false,false,near_mint,es,EUR,2025-04-20T23:27:12.695Z
Massacre Wurm,DSC,Duskmourn: House of Horror Commander,147,normal,mythic,1,99208,721e2879-b9c6-4567-a105-00e1a52e1a0e,1.91,false,false,near_mint,es,EUR,2025-04-20T23:27:12.695Z
Maze's End,DGM,Dragon's Maze,152,normal,mythic,1,16313,401f7042-24fd-42a0-ae7c-e6b7de1aa446,3.8,false,false,near_mint,es,EUR,2025-04-20T23:27:12.695Z
"Moraug, Fury of Akoum",EOC,Edge of Eternities Commander,89,normal,mythic,1,107013,4481eab8-9e7d-4db8-b1f2-fdf5ee1919a2,3.05,false,false,near_mint,en,EUR,2025-08-06T14:50:32.528Z
Morningtide's Light,ECL,Lorwyn Eclipsed,27,normal,mythic,1,108943,181ee045-5650-479a-8c03-015b38fdcd63,2.65,false,false,near_mint,en,EUR,2026-01-25T20:47:46.674Z
"Multani, Yavimaya's Avatar",EOC,Edge of Eternities Commander,100,normal,mythic,1,107152,c37a0136-1c40-4cd1-8787-a25c377c1741,0.18,false,false,near_mint,en,EUR,2025-08-06T14:50:32.528Z
"Neriv, Heart of the Storm",TDM,Tarkir: Dragonstorm,210,normal,mythic,1,104347,b58112b0-a05c-4b98-b650-fd27ad97789f,1.27,false,false,near_mint,en,EUR,2025-04-20T23:27:12.695Z
Oltec Matterweaver,BIG,The Big Score,3,normal,mythic,1,93937,f4f2a818-9fd1-41db-967e-7d2c9b4e4c2f,1.9,false,false,near_mint,en,EUR,2025-10-27T10:57:33.331Z
Omenpath Journey,BIG,The Big Score,18,normal,mythic,1,93839,c49c9b72-61c0-4e3a-a3a6-994b149398a9,2.7,false,false,near_mint,en,EUR,2025-10-27T10:57:33.331Z
"Omnath, Locus of Rage",EOC,Edge of Eternities Commander,123,normal,mythic,1,107061,777552e5-cc2d-460f-b26f-977c6ebcfc6b,0.65,false,false,near_mint,en,EUR,2025-08-06T14:50:32.528Z
Omniscience,FDN,Foundations,161,normal,mythic,1,95588,d33d91d0-1506-45e4-9def-975bf901815e,4.28,false,false,near_mint,en,EUR,2025-04-20T23:27:12.695Z
Primeval Bounty,JMP,Jumpstart,421,normal,mythic,1,51493,c8123d01-da65-4d03-9f23-3842fba5fc28,0.62,false,false,near_mint,es,EUR,2025-04-20T23:27:12.695Z
Professor Dellian Fel,SOS,Secrets of Strixhaven,214,normal,mythic,1,111712,6ff3b4d8-1271-4c5d-8834-7662244f173d,9.41,false,false,near_mint,en,EUR,2026-05-08T10:13:36.483Z
Pyromancer's Goggles,FDN,Foundations,677,normal,mythic,1,101346,f340d8a4-196a-4433-807c-b7124e96e44f,1.51,false,false,near_mint,es,EUR,2025-04-20T23:27:12.695Z
Quilled Greatwurm,FDN,Foundations,111,normal,mythic,1,100330,31b60531-3d33-4e66-923a-29008716b15c,5.6,false,false,near_mint,en,EUR,2025-04-20T23:27:12.695Z
"Rakdos, Patron of Chaos",MKM,Murders at Karlov Manor,369,normal,mythic,1,91077,9ea5f435-144e-4466-be0f-781664cfddb7,4.76,false,false,near_mint,en,EUR,2025-04-20T23:27:12.695Z
"Ral Zarek, Guest Lecturer",SOS,Secrets of Strixhaven,282,normal,mythic,1,111683,130fca3b-714a-4e77-b7e9-55554fcc0df2,5.58,false,false,near_mint,en,EUR,2026-05-08T10:13:36.468Z
"Ramos, Dragon Engine",FDN,Foundations,678,normal,mythic,1,100817,8f95f753-bbaa-4282-9cd9-f1737136fc9e,2.28,false,false,near_mint,es,EUR,2025-04-20T23:27:12.695Z
Riptide Gearhulk,DFT,Aetherdrift,353,foil,mythic,1,103612,b6cdbb98-a5b8-4b9e-aaaa-457eb9d4041e,13.77,false,false,near_mint,en,EUR,2025-04-20T23:27:12.695Z
Rot-Curse Rakshasa,TDM,Tarkir: Dragonstorm,87,normal,mythic,1,104531,31276460-fa9d-47da-85c5-c4baa8074d0d,4.65,false,false,near_mint,en,EUR,2025-04-20T23:27:12.695Z
Salvation Engine,DFT,Aetherdrift,295,normal,mythic,1,103475,37c2e68f-3f40-45b1-9afe-cc1c5fb41203,1.97,false,false,near_mint,en,EUR,2025-04-20T23:27:12.695Z
Sandstorm Salvager,BIG,The Big Score,19,normal,mythic,1,93495,13b0f27c-a359-4702-833a-82fec161eeec,1.32,false,false,near_mint,en,EUR,2026-05-17T22:24:02.945Z
"Sarkhan, Soul Aflame",MAT,March of the Machine: The Aftermath,46,normal,mythic,1,82539,6225f139-f6eb-4eb5-9776-159a599d8255,4.05,false,false,near_mint,es,EUR,2025-04-20T23:27:12.695Z
"Sauron, the Lidless Eye",LTR,The Lord of the Rings: Tales of Middle-earth,288,foil,mythic,1,83547,d82a4c78-d2fc-425a-8d0e-2e64509a08f1,2.63,false,false,near_mint,es,EUR,2025-04-20T23:27:12.695Z
"Shiko, Paragon of the Way",TDM,Tarkir: Dragonstorm,223,normal,mythic,1,103996,8138cf10-1e3e-483f-86ad-cc399192657d,1.37,false,false,near_mint,en,EUR,2025-04-20T23:27:12.695Z
Shivan Devastator,DMU,Dominaria United,143,normal,mythic,1,71305,1f5d274c-3a03-4f0d-97e8-7eef6508105d,3.15,false,false,near_mint,es,EUR,2025-04-20T23:27:12.695Z
Silverback Elder,DMU,Dominaria United,177,normal,mythic,1,71720,b987664f-0b74-4c0a-b306-14767a55559a,3.72,false,false,near_mint,es,EUR,2025-04-20T23:27:12.695Z
"Sothera, the Supervoid",EOE,Edge of Eternities,115,normal,mythic,1,106772,e99d6fc0-dcf2-4b25-81c2-02c230a36246,3.95,false,false,near_mint,en,EUR,2025-08-01T19:16:32.510Z
Soul of Windgrace,EOC,Edge of Eternities Commander,126,normal,mythic,1,107026,5a80f7e1-1d79-4302-a603-73eb060b97a6,0.27,false,false,near_mint,en,EUR,2025-08-06T14:50:32.528Z
Sphinx of the Final Word,OGW,Oath of the Gatewatch,63,normal,mythic,1,9319,866f92a3-2738-4e0f-adda-3ff9227dc17a,1.02,false,false,near_mint,es,EUR,2025-04-20T23:27:12.695Z
Sphinx's Tutelage,SPG,Special Guests,75,normal,mythic,1,100844,94a3673b-6003-4612-a8f6-02829aa9de7d,2.84,false,false,near_mint,en,EUR,2025-04-20T23:27:12.695Z
Spider-Verse,SPM,Marvel's Spider-Man,93,normal,mythic,1,108603,f8779eb2-1210-430d-8d42-3077053441ee,0.47,false,false,near_mint,en,EUR,2025-09-30T23:51:40.191Z
Summon: Bahamut,FIN,Final Fantasy,1,normal,mythic,2,105670,95318d85-4a08-47ac-a43d-ea83c0bea81c,18.39,false,false,near_mint,en,EUR,2025-06-18T14:09:45.764Z
Sun Titan,BLC,Bloomburrow Commander,157,normal,mythic,1,96217,28d5eee5-bab8-4a26-83cd-16a3c07fb7b6,0.35,false,false,near_mint,en,EUR,2025-11-06T20:40:57.429Z
"Szarel, Genesis Shepherd",EOC,Edge of Eternities Commander,4,normal,mythic,1,106766,89b61123-b10f-4bcf-b5f9-1f302f9b22d1,0.17,false,false,near_mint,en,EUR,2025-08-06T14:50:32.528Z
The Dominion Bracelet,EOE,Edge of Eternities,239,normal,mythic,1,107354,f5360880-2849-45d6-b1aa-08c7e01083af,3.43,false,false,near_mint,en,EUR,2025-08-01T19:16:32.510Z
The Gitrog Monster,EOC,Edge of Eternities Commander,117,normal,mythic,1,107007,40489e28-878d-44a2-847f-07beef1aa0f8,2.27,false,false,near_mint,en,EUR,2025-08-06T14:50:32.528Z
The Odd Acorn Gang,BLC,Bloomburrow Commander,7,foil,mythic,2,96345,791d9ea0-c70a-47a6-b8a3-0f5d36a5c44d,0.86,false,false,near_mint,en,EUR,2025-11-06T20:40:57.429Z
The Rise of Sozin // Fire Lord Sozin,TLA,Avatar: The Last Airbender,117,normal,mythic,1,108108,14eadf46-90c2-4376-8183-6a922a60174d,0.02,false,false,near_mint,en,EUR,2025-11-26T15:34:18.488Z
"Titania, Protector of Argoth",EOC,Edge of Eternities Commander,111,normal,mythic,1,107058,732c208b-cd9e-48a9-9b9d-aba63066ba53,0.52,false,false,near_mint,en,EUR,2025-08-06T14:50:32.528Z
Vivien Reid,FDN,Foundations,234,normal,mythic,1,100058,38769247-42a1-4571-9071-6d59fe28650a,0.41,false,false,near_mint,en,EUR,2025-04-20T23:27:12.695Z
Vizier of the Menagerie,FDN,Foundations,649,normal,mythic,1,100318,3010ec33-c3f6-42ce-ad5a-e149e5c9a805,1.35,false,false,near_mint,es,EUR,2025-04-20T23:27:12.695Z
World Breaker,EOC,Edge of Eternities Commander,112,normal,mythic,1,107171,d25856c9-cb3d-44d9-905e-007f1af65c06,0.72,false,false,near_mint,en,EUR,2025-08-06T14:50:32.528Z
"Zinnia, Valley's Voice",BLC,Bloomburrow Commander,4,normal,mythic,1,95843,dfe36901-5841-4942-8b61-c273111f715e,0.49,false,false,near_mint,en,EUR,2025-11-06T20:40:57.429Z
